strategy,pair,signal_ts,execution_ts,action,phase,quantity,average_price,fee_quote,slippage_bps,dust_base,quote_notional,signal_price,orders_cancelled,exit_latency_seconds,retry_count,post_signal_additional_loss,risk_cycle_baseline,execution_policy_version
grid,ETH-FDUSD,1765656000,1765656300,MARKET_EXIT,EXITING,0.0421,3113.367202,0.1310727592042,2.0,1.831938096462371e-05,131.0727592042,3114.24,True,300.0,0,0.16784961392087894,,v22-risk-off-forced-exit-v2
grid,ETH-FDUSD,1766160000,1766160300,MARKET_REENTRY,REENTRY,0.0335,2978.915664,0.09979367474400001,2.0,1.831938096462371e-05,99.79367474400001,,False,,0,0.0,209.738594511949,v22-risk-off-forced-exit-v2
grid,BTC-FDUSD,1766865600,1766865900,MARKET_EXIT,EXITING,0.00086,87690.148462,0.07541352767731999,2.0,7.173124995103969e-06,75.41352767731999,87707.36,True,300.0,0,0.09010677751365392,,v22-risk-off-forced-exit-v2
grid,BTC-FDUSD,1767182400,1767182700,MARKET_REENTRY,REENTRY,0.00112,89012.388918,0.09969387558815998,2.0,7.173124995103969e-06,99.69387558815998,,False,,0,0.0,207.65223388677833,v22-risk-off-forced-exit-v2
grid,ETH-FDUSD,1768636800,1768637100,MARKET_EXIT,EXITING,0.0439,3294.420984,0.1446250811976,2.0,1.5206733880474e-05,144.6250811976,3294.97,True,300.0,0,0.16871441407585053,,v22-risk-off-forced-exit-v2
grid,ETH-FDUSD,1769472000,1769472300,MARKET_REENTRY,REENTRY,0.034,2931.78624,0.09968073216000001,2.0,1.5206733880474e-05,99.68073216,,False,,0,0.0,225.0767258780423,v22-risk-off-forced-exit-v2
grid,BTC-FDUSD,1769529600,1769529900,MARKET_EXIT,EXITING,0.00145,88247.64694,0.127959088063,2.0,3.7645264112894095e-06,127.959088063,88263.43,True,300.0,0,0.1498238866623467,,v22-risk-off-forced-exit-v2
grid,ETH-FDUSD,1769716800,1769717100,MARKET_EXIT,EXITING,0.0404,2795.460796,0.11293661615839999,2.0,1.080133535197314e-05,112.93661615839999,2796.0,True,300.0,0,0.13470587595568873,,v22-risk-off-forced-exit-v2
grid,BTC-FDUSD,1770422400,1770422700,MARKET_REENTRY,REENTRY,0.00142,70284.054,0.09980335668000001,2.0,3.7645264112894095e-06,99.80335668000001,,False,,0,0.0,205.3669482639849,v22-risk-off-forced-exit-v2
grid,ETH-FDUSD,1770436800,1770437100,MARKET_REENTRY,REENTRY,0.0477,2090.06793,0.099696240261,2.0,1.080133535197314e-05,99.696240261,,False,,0,0.0,220.94040461879115,v22-risk-off-forced-exit-v2
grid,BTC-FDUSD,1772841600,1772841900,MARKET_EXIT,EXITING,0.00236,68120.8731,0.160765260516,2.0,6.148055193455366e-06,160.765260516,68135.0,True,300.0,0,0.19353291390245886,,v22-risk-off-forced-exit-v2
grid,BTC-FDUSD,1773086400,1773086700,MARKET_REENTRY,REENTRY,0.00144,68988.54495,0.099343504728,2.0,6.148055193455366e-06,99.343504728,,False,,0,0.0,203.33181198903435,v22-risk-off-forced-exit-v2
grid,BTC-FDUSD,1774022400,1774022700,MARKET_EXIT,EXITING,0.00269,70021.9928,0.18835916063200003,2.0,3.6775182608592485e-06,188.35916063200003,70062.73,True,300.0,0,0.2982685348272298,,v22-risk-off-forced-exit-v2
grid,BTC-FDUSD,1774310400,1774310700,MARKET_REENTRY,REENTRY,0.0014,70955.1882,0.09933726348000001,2.0,3.6775182608592485e-06,99.33726348,,False,,0,0.0,205.84554691653273,v22-risk-off-forced-exit-v2
grid,ETH-FDUSD,1774555200,1774555500,MARKET_EXIT,EXITING,0.0701,2048.49022,0.143599164422,2.0,5.96274257955165e-07,143.599164422,2049.0,True,300.0,0,0.1793337168302287,,v22-risk-off-forced-exit-v2
grid,ETH-FDUSD,1774872000,1774872300,MARKET_REENTRY,REENTRY,0.0481,2074.71486,0.09979378476600001,2.0,5.96274257955165e-07,99.793784766,,False,,0,0.0,218.7504146218259,v22-risk-off-forced-exit-v2
grid,BTC-FDUSD,1778630400,1778630700,MARKET_EXIT,EXITING,0.00136,80568.663044,0.10957338173984,2.0,2.98587169373591e-07,109.57338173984,80583.34,True,300.0,0,0.12953361492017734,,v22-risk-off-forced-exit-v2
grid,ETH-FDUSD,1779494400,1779494700,MARKET_EXIT,EXITING,0.1024,2070.115894,0.2119798675456,2.0,8.338887458606004e-05,211.9798675456,2069.5,True,300.0,0,0.14855625145114004,,v22-risk-off-forced-exit-v2
grid,BTC-FDUSD,1780833600,1780833900,MARKET_REENTRY,REENTRY,0.00159,62768.821253999995,0.09980242579385999,2.0,2.98587169373591e-07,99.80242579386,,False,,0,0.0,226.92689419812064,v22-risk-off-forced-exit-v2
grid,ETH-FDUSD,1780848000,1780848300,MARKET_REENTRY,REENTRY,0.0612,1631.27619,0.099834102828,2.0,8.338887458606004e-05,99.834102828,,False,,0,0.0,219.79098519145722,v22-risk-off-forced-exit-v2
grid,BTC-FDUSD,1781726400,1781726700,MARKET_EXIT,EXITING,0.00104,64475.1024,0.06705410649600001,2.0,1.2250932205674307e-06,67.054106496,64492.89,True,300.0,0,0.08561189246125878,,v22-risk-off-forced-exit-v2
grid,BTC-FDUSD,1782014400,1782014700,MARKET_REENTRY,REENTRY,0.00154,64458.939210000004,0.0992667663834,2.0,1.2250932205674307e-06,99.2667663834,,False,,0,0.0,229.36871936377662,v22-risk-off-forced-exit-v2
grid,ETH-FDUSD,1782907200,1782907500,MARKET_EXIT,EXITING,0.0549,1571.165704,0.0862569971496,2.0,5.393041191283782e-05,86.2569971496,1571.32,True,300.0,0,0.09464749123586103,,v22-risk-off-forced-exit-v2
grid,ETH-FDUSD,1783080000,1783080300,MARKET_REENTRY,REENTRY,0.0571,1747.729476,0.0997953530796,2.0,5.393041191283782e-05,99.79535307959999,,False,,0,0.0,215.77869081640267,v22-risk-off-forced-exit-v2
grid,ETH-FDUSD,1783483200,1783483500,MARKET_EXIT,EXITING,0.0773,1755.6488,0.13571165223999998,2.0,9.924311424854004e-05,135.71165223999998,1755.72,True,300.0,0,0.14099211523296162,,v22-risk-off-forced-exit-v2
grid,ETH-FDUSD,1783742400,1783742700,MARKET_REENTRY,REENTRY,0.0554,1800.189966,0.09973052411639999,2.0,9.924311424854004e-05,99.73052411639999,,False,,0,0.0,217.94208097924138,v22-risk-off-forced-exit-v2
grid,BTC-FDUSD,1783929600,1783929900,MARKET_EXIT,EXITING,0.00045,63162.095054000005,0.028422942774300002,2.0,4.1956099942572775e-06,28.4229427743,63177.79,True,300.0,0,0.03581204497575641,,v22-risk-off-forced-exit-v2
grid,BTC-FDUSD,1784131200,1784131500,MARKET_REENTRY,REENTRY,0.00152,65422.23183,0.0994417923816,2.0,4.195609994257169e-06,99.4417923816,,False,,0,0.0,228.06983435875043,v22-risk-off-forced-exit-v2
grid,BTC-FDUSD,1784304000,1784304300,MARKET_EXIT,EXITING,0.00179,63540.249408,0.11373704644032,2.0,7.636844453169384e-06,113.73704644032,63548.73,True,300.0,0,0.12850400009850205,,v22-risk-off-forced-exit-v2
grid,BTC-FDUSD,1784520000,1784520300,MARKET_REENTRY,REENTRY,0.00153,64930.78356,0.0993440988468,2.0,7.636844453169384e-06,99.3440988468,,False,,0,0.0,224.94751326216695,v22-risk-off-forced-exit-v2
dca,BTC-USDT,1769529600,1769529900,MARKET_EXIT,EXITING,0.00104,88171.802112,0.09169867419648,2.0,8.241046007740997e-06,91.69867419648,88189.44,True,300.0,0,0.10779688714211488,,v22-risk-off-forced-exit-v2
dca,BTC-USDT,1770422400,1770422700,MARKET_REENTRY,REENTRY,0.00135,70271.25144,0.09486618944400001,2.0,0.0,94.866189444,,False,,0,0.0,186.85128271233373,v22-risk-off-forced-exit-v2
dca,BTC-USDT,1772841600,1772841900,MARKET_EXIT,EXITING,0.00135,68104.536368,0.09194112409680001,2.0,8.241046007740997e-06,91.94112409680001,68118.16,True,300.0,0,0.1094757936910753,,v22-risk-off-forced-exit-v2
dca,BTC-USDT,1773086400,1773086700,MARKET_REENTRY,REENTRY,0.00137,69010.74939,0.09454472666429999,2.0,0.0,94.54472666429999,,False,,0,0.0,183.88400796284066,v22-risk-off-forced-exit-v2
dca,BTC-USDT,1774022400,1774022700,MARKET_EXIT,EXITING,0.00137,70035.98000200001,0.09594929260274,2.0,8.241046007740997e-06,95.94929260274,70050.0,True,300.0,0,0.11591478368498542,,v22-risk-off-forced-exit-v2
dca,BTC-USDT,1774310400,1774310700,MARKET_REENTRY,REENTRY,0.00133,70939.415046,0.09434942201118,2.0,0.0,94.34942201118,,False,,0,0.0,185.0285803547527,v22-risk-off-forced-exit-v2
dca,BTC-USDT,1778630400,1778630700,MARKET_EXIT,EXITING,0.00133,80453.89600200001,0.10700368168266002,2.0,8.241046007740997e-06,107.00368168266002,80470.0,True,300.0,0,0.1284799335761022,,v22-risk-off-forced-exit-v2
dca,BTC-USDT,1780833600,1780833900,MARKET_REENTRY,REENTRY,0.00151,62643.736242,0.09459204172542,2.0,0.0,94.59204172542,,False,,0,0.0,197.25894761782098,v22-risk-off-forced-exit-v2
dca,BTC-USDT,1781726400,1781726700,MARKET_EXIT,EXITING,0.00151,64403.1168,0.09724870636800002,2.0,8.241046007740997e-06,97.24870636800001,64416.0,True,300.0,0,0.1171202418110795,,v22-risk-off-forced-exit-v2
dca,BTC-USDT,1782014400,1782014700,MARKET_REENTRY,REENTRY,0.00147,64426.8828,0.094707517716,2.0,0.0,94.707517716,,False,,0,0.0,200.0453404692937,v22-risk-off-forced-exit-v2
dca,BTC-USDT,1783929600,1783929900,MARKET_EXIT,EXITING,0.00147,63024.972484000005,0.09264670955148001,2.0,8.241046007740997e-06,92.64670955148,63037.58,True,300.0,0,0.11186302319597985,,v22-risk-off-forced-exit-v2
dca,BTC-USDT,1784131200,1784131500,MARKET_REENTRY,REENTRY,0.00145,65316.180624,0.09470846190479999,2.0,0.0,94.70846190479999,,False,,0,0.0,197.62955682746474,v22-risk-off-forced-exit-v2
dca,BTC-USDT,1784304000,1784304300,MARKET_EXIT,EXITING,0.00145,63407.445974,0.0919407966623,2.0,8.241046007740997e-06,91.9407966623,63420.13,True,300.0,0,0.10990377032803167,,v22-risk-off-forced-exit-v2
dca,BTC-USDT,1784520000,1784520300,MARKET_REENTRY,REENTRY,0.00146,64818.951197999995,0.09463566874907998,2.0,0.0,94.63566874907998,,False,,0,0.0,194.74804925084598,v22-risk-off-forced-exit-v2
dca,ETH-USDT,1768636800,1768637100,MARKET_EXIT,EXITING,0.0303,3292.571354,0.09976491202620001,2.0,7.948776985779171e-05,99.76491202620001,3293.22,True,300.0,0,0.11937596243046755,,v22-risk-off-forced-exit-v2
dca,ETH-USDT,1769472000,1769472300,MARKET_REENTRY,REENTRY,0.0324,2927.83545,0.09486186858,2.0,0.0,94.86186857999999,,False,,0,0.0,194.64953216054283,v22-risk-off-forced-exit-v2
dca,ETH-USDT,1769716800,1769717100,MARKET_EXIT,EXITING,0.0324,2792.801328,0.0904867630272,2.0,7.948776985779171e-05,90.4867630272,2793.36,True,300.0,0,0.10848996587029092,,v22-risk-off-forced-exit-v2
dca,ETH-USDT,1770436800,1770437100,MARKET_REENTRY,REENTRY,0.0453,2090.758068,0.09471134048040002,2.0,0.0,94.71134048040001,,False,,0,0.0,190.25158890829204,v22-risk-off-forced-exit-v2
dca,ETH-USDT,1774555200,1774555500,MARKET_EXIT,EXITING,0.0453,2047.860346,0.09276807367380001,2.0,7.948776985779171e-05,92.7680736738,2048.27,True,300.0,0,0.11118868090960632,,v22-risk-off-forced-exit-v2
dca,ETH-USDT,1774872000,1774872300,MARKET_REENTRY,REENTRY,0.0457,2073.2945760000002,0.09474956212320002,2.0,0.0,94.74956212320001,,False,,0,0.0,188.04562040156844,v22-risk-off-forced-exit-v2
dca,ETH-USDT,1779494400,1779494700,MARKET_EXIT,EXITING,0.0457,2066.566604,0.0944420938028,2.0,7.948776985779171e-05,94.4420938028,2066.97,True,300.0,0,0.1125887503981744,,v22-risk-off-forced-exit-v2
dca,ETH-USDT,1780848000,1780848300,MARKET_REENTRY,REENTRY,0.0583,1627.3254,0.09487307082,2.0,0.0,94.87307082,,False,,0,0.0,187.3993622629933,v22-risk-off-forced-exit-v2
dca,ETH-USDT,1782907200,1782907500,MARKET_EXIT,EXITING,0.0583,1567.516434,0.0913862081022,2.0,7.948776985779171e-05,91.38620810219999,1567.84,True,300.0,0,0.11013802814670726,,v22-risk-off-forced-exit-v2
dca,ETH-USDT,1783080000,1783080300,MARKET_REENTRY,REENTRY,0.0543,1744.6088519999998,0.0947322606636,2.0,0.0,94.73226066359999,,False,,0,0.0,183.71439642995836,v22-risk-off-forced-exit-v2
dca,ETH-USDT,1783483200,1783483500,MARKET_EXIT,EXITING,0.0543,1751.959538,0.09513140291340001,2.0,7.948776985779171e-05,95.13140291340001,1752.32,True,300.0,0,0.11451212911032371,,v22-risk-off-forced-exit-v2
dca,ETH-USDT,1783742400,1783742700,MARKET_REENTRY,REENTRY,0.0528,1796.949318,0.0948789239904,2.0,0.0,94.8789239904,,False,,0,0.0,184.00062454490745,v22-risk-off-forced-exit-v2
